Africa,Somaliland,NULL,Hargeisa,9.55,44.05
Antarctica,South Georgia and South Sandwich Islands,GS,King Edward Point,-54.283333,-36.5
Antarctica,French Southern and Antarctic Lands,TF,Port-aux-Français,-49.35,70.216667
Asia,Palestine,PS,Jerusalem,31.76666667,35.233333
Europe,Aland Islands,AX,Mariehamn,60.116667,19.9
Australia,Nauru,NR,Yaren,-0.5477,166.920867
North America,Saint Martin,MF,Marigot,18.0731,-63.0822
Australia,Tokelau,TK,Atafu,-9.166667,-171.833333
Africa,Western Sahara,EH,El-Aaiún,27.153611,-13.203333
Asia,Afghanistan,AF,Kabul,34.51666667,69.183333
Europe,Albania,AL,Tirana,41.31666667,19.816667
Africa,Algeria,DZ,Algiers,36.75,3.05
Australia,American Samoa,AS,Pago Pago,-14.26666667,-170.7
Europe,Andorra,AD,Andorra la Vella,42.5,1.516667
Africa,Angola,AO,Luanda,-8.833333333,13.216667
North America,Anguilla,AI,The Valley,18.21666667,-63.05
North America,Antigua and Barbuda,AG,Saint John's,17.11666667,-61.85
South America,Argentina,AR,Buenos Aires,-34.58333333,-58.666667
Europe,Armenia,AM,Yerevan,40.16666667,44.5
North America,Aruba,AW,Oranjestad,12.51666667,-70.033333
Australia,Australia,AU,Canberra,-35.26666667,149.133333
Europe,Austria,AT,Vienna,48.2,16.366667
Europe,Azerbaijan,AZ,Baku,40.38333333,49.866667
North America,Bahamas,BS,Nassau,25.08333333,-77.35
Asia,Bahrain,BH,Manama,26.23333333,50.566667
Asia,Bangladesh,BD,Dhaka,23.71666667,90.4
North America,Barbados,BB,Bridgetown,13.1,-59.616667
Europe,Belarus,BY,Minsk,53.9,27.566667
Europe,Belgium,BE,Brussels,50.83333333,4.333333
Central America,Belize,BZ,Belmopan,17.25,-88.766667
Africa,Benin,BJ,Porto-Novo,6.483333333,2.616667
North America,Bermuda,BM,Hamilton,32.28333333,-64.783333
Asia,Bhutan,BT,Thimphu,27.46666667,89.633333
South America,Bolivia,BO,La Paz,-16.5,-68.15
Europe,Bosnia and Herzegovina,BA,Sarajevo,43.86666667,18.416667
Africa,Botswana,BW,Gaborone,-24.63333333,25.9
South America,Brazil,BR,Brasilia,-15.78333333,-47.916667
North America,British Virgin Islands,VG,Road Town,18.41666667,-64.616667
Asia,Brunei Darussalam,BN,Bandar Seri Begawan,4.883333333,114.933333
Europe,Bulgaria,BG,Sofia,42.68333333,23.316667
Africa,Burkina Faso,BF,Ouagadougou,12.36666667,-1.516667
Asia,Myanmar,MM,Rangoon,16.8,96.15
Africa,Burundi,BI,Bujumbura,-3.366666667,29.35
Asia,Cambodia,KH,Phnom Penh,11.55,104.916667
Africa,Cameroon,CM,Yaounde,3.866666667,11.516667
Central America,Canada,CA,Ottawa,45.41666667,-75.7
Africa,Cape Verde,CV,Praia,14.91666667,-23.516667
North America,Cayman Islands,KY,George Town,19.3,-81.383333
Africa,Central African Republic,CF,Bangui,4.366666667,18.583333
Africa,Chad,TD,N'Djamena,12.1,15.033333
South America,Chile,CL,Santiago,-33.45,-70.666667
Asia,China,CN,Beijing,39.91666667,116.383333
Australia,Christmas Island,CX,The Settlement,-10.41666667,105.716667
Australia,Cocos Islands,CC,West Island,-12.16666667,96.833333
South America,Colombia,CO,Bogota,4.6,-74.083333
Africa,Comoros,KM,Moroni,-11.7,43.233333
Africa,Democratic Republic of the Congo,CD,Kinshasa,-4.316666667,15.3
Africa,Republic of Congo,CG,Brazzaville,-4.25,15.283333
Australia,Cook Islands,CK,Avarua,-21.2,-159.766667
Central America,Costa Rica,CR,San Jose,9.933333333,-84.083333
Africa,Cote d'Ivoire,CI,Yamoussoukro,6.816666667,-5.266667
Europe,Croatia,HR,Zagreb,45.8,16
North America,Cuba,CU,Havana,23.11666667,-82.35
North America,Curaçao,CW,Willemstad,12.1,-68.916667
Europe,Cyprus,CY,Nicosia,35.16666667,33.366667
Europe,Czech Republic,CZ,Prague,50.08333333,14.466667
Europe,Denmark,DK,Copenhagen,55.66666667,12.583333
Africa,Djibouti,DJ,Djibouti,11.58333333,43.15
North America,Dominica,DM,Roseau,15.3,-61.4
North America,Dominican Republic,DO,Santo Domingo,18.46666667,-69.9
South America,Ecuador,EC,Quito,-0.216666667,-78.5
Africa,Egypt,EG,Cairo,30.05,31.25
Central America,El Salvador,SV,San Salvador,13.7,-89.2
Africa,Equatorial Guinea,GQ,Malabo,3.75,8.783333
Africa,Eritrea,ER,Asmara,15.33333333,38.933333
Europe,Estonia,EE,Tallinn,59.43333333,24.716667
Africa,Ethiopia,ET,Addis Ababa,9.033333333,38.7
South America,Falkland Islands,FK,Stanley,-51.7,-57.85
Europe,Faroe Islands,FO,Torshavn,62,-6.766667
Australia,Fiji,FJ,Suva,-18.13333333,178.416667
Europe,Finland,FI,Helsinki,60.16666667,24.933333
Europe,France,FR,Paris,48.86666667,2.333333
Australia,French Polynesia,PF,Papeete,-17.53333333,-149.566667
Africa,Gabon,GA,Libreville,0.383333333,9.45
Africa,The Gambia,GM,Banjul,13.45,-16.566667
Europe,Georgia,GE,Tbilisi,41.68333333,44.833333
Europe,Germany,DE,Berlin,52.51666667,13.4
Africa,Ghana,GH,Accra,5.55,-0.216667
Europe,Gibraltar,GI,Gibraltar,36.13333333,-5.35
Europe,Greece,GR,Athens,37.98333333,23.733333
Central America,Greenland,GL,Nuuk,64.18333333,-51.75
North America,Grenada,GD,Saint George's,12.05,-61.75
Australia,Guam,GU,Hagatna,13.46666667,144.733333
Central America,Guatemala,GT,Guatemala City,14.61666667,-90.516667
Europe,Guernsey,GG,Saint Peter Port,49.45,-2.533333
Africa,Guinea,GN,Conakry,9.5,-13.7
Africa,Guinea-Bissau,GW,Bissau,11.85,-15.583333
South America,Guyana,GY,Georgetown,6.8,-58.15
North America,Haiti,HT,Port-au-Prince,18.53333333,-72.333333
Europe,Vatican City,VA,Vatican City,41.9,12.45
Central America,Honduras,HN,Tegucigalpa,14.1,-87.216667
Europe,Hungary,HU,Budapest,47.5,19.083333
Europe,Iceland,IS,Reykjavik,64.15,-21.95
Asia,India,IN,New Delhi,28.6,77.2
Asia,Indonesia,ID,Jakarta,-6.166666667,106.816667
Asia,Iran,IR,Tehran,35.7,51.416667
Asia,Iraq,IQ,Baghdad,33.33333333,44.4
Europe,Ireland,IE,Dublin,53.31666667,-6.233333
Europe,Isle of Man,IM,Douglas,54.15,-4.483333
Asia,Israel,IL,Jerusalem,31.76666667,35.233333
Europe,Italy,IT,Rome,41.9,12.483333
North America,Jamaica,JM,Kingston,18,-76.8
Asia,Japan,JP,Tokyo,35.68333333,139.75
Europe,Jersey,JE,Saint Helier,49.18333333,-2.1
Asia,Jordan,JO,Amman,31.95,35.933333
Asia,Kazakhstan,KZ,Astana,51.16666667,71.416667
Africa,Kenya,KE,Nairobi,-1.283333333,36.816667
Australia,Kiribati,KI,Tarawa,-0.883333333,169.533333
Asia,North Korea,KP,Pyongyang,39.01666667,125.75
Asia,South Korea,KR,Seoul,37.55,126.983333
Europe,Kosovo,KO,Pristina,42.66666667,21.166667
Asia,Kuwait,KW,Kuwait City,29.36666667,47.966667
Asia,Kyrgyzstan,KG,Bishkek,42.86666667,74.6
Asia,Laos,LA,Vientiane,17.96666667,102.6
Europe,Latvia,LV,Riga,56.95,24.1
Asia,Lebanon,LB,Beirut,33.86666667,35.5
Africa,Lesotho,LS,Maseru,-29.31666667,27.483333
Africa,Liberia,LR,Monrovia,6.3,-10.8
Africa,Libya,LY,Tripoli,32.88333333,13.166667
Europe,Liechtenstein,LI,Vaduz,47.13333333,9.516667
Europe,Lithuania,LT,Vilnius,54.68333333,25.316667
Europe,Luxembourg,LU,Luxembourg,49.6,6.116667
Europe,Macedonia,MK,Skopje,42,21.433333
Africa,Madagascar,MG,Antananarivo,-18.91666667,47.516667
Africa,Malawi,MW,Lilongwe,-13.96666667,33.783333
Asia,Malaysia,MY,Kuala Lumpur,3.166666667,101.7
Asia,Maldives,MV,Male,4.166666667,73.5
Africa,Mali,ML,Bamako,12.65,-8
Europe,Malta,MT,Valletta,35.88333333,14.5
Australia,Marshall Islands,MH,Majuro,7.1,171.383333
Africa,Mauritania,MR,Nouakchott,18.06666667,-15.966667
Africa,Mauritius,MU,Port Louis,-20.15,57.483333
Central America,Mexico,MX,Mexico City,19.43333333,-99.133333
Australia,Federated States of Micronesia,FM,Palikir,6.916666667,158.15
Europe,Moldova,MD,Chisinau,47,28.85
Europe,Monaco,MC,Monaco,43.73333333,7.416667
Asia,Mongolia,MN,Ulaanbaatar,47.91666667,106.916667
Europe,Montenegro,ME,Podgorica,42.43333333,19.266667
North America,Montserrat,MS,Plymouth,16.7,-62.216667
Africa,Morocco,MA,Rabat,34.01666667,-6.816667
Africa,Mozambique,MZ,Maputo,-25.95,32.583333
Africa,Namibia,NA,Windhoek,-22.56666667,17.083333
Asia,Nepal,NP,Kathmandu,27.71666667,85.316667
Europe,Netherlands,NL,Amsterdam,52.35,4.916667
Australia,New Caledonia,NC,Noumea,-22.26666667,166.45
Australia,New Zealand,NZ,Wellington,-41.3,174.783333
Central America,Nicaragua,NI,Managua,12.13333333,-86.25
Africa,Niger,NE,Niamey,13.51666667,2.116667
Africa,Nigeria,NG,Abuja,9.083333333,7.533333
Australia,Niue,NU,Alofi,-19.01666667,-169.916667
Australia,Norfolk Island,NF,Kingston,-29.05,167.966667
Australia,Northern Mariana Islands,MP,Saipan,15.2,145.75
Europe,Norway,NO,Oslo,59.91666667,10.75
Asia,Oman,OM,Muscat,23.61666667,58.583333
Asia,Pakistan,PK,Islamabad,33.68333333,73.05
Australia,Palau,PW,Melekeok,7.483333333,134.633333
Central America,Panama,PA,Panama City,8.966666667,-79.533333
Australia,Papua New Guinea,PG,Port Moresby,-9.45,147.183333
South America,Paraguay,PY,Asuncion,-25.26666667,-57.666667
South America,Peru,PE,Lima,-12.05,-77.05
Asia,Philippines,PH,Manila,14.6,120.966667
Australia,Pitcairn Islands,PN,Adamstown,-25.06666667,-130.083333
Europe,Poland,PL,Warsaw,52.25,21
Europe,Portugal,PT,Lisbon,38.71666667,-9.133333
North America,Puerto Rico,PR,San Juan,18.46666667,-66.116667
Asia,Qatar,QA,Doha,25.28333333,51.533333
Europe,Romania,RO,Bucharest,44.43333333,26.1
Europe,Russia,RU,Moscow,55.75,37.6
Africa,Rwanda,RW,Kigali,-1.95,30.05
North America,Saint Barthelemy,BL,Gustavia,17.88333333,-62.85
Africa,Saint Helena,SH,Jamestown,-15.93333333,-5.716667
North America,Saint Kitts and Nevis,KN,Basseterre,17.3,-62.716667
North America,Saint Lucia,LC,Castries,14,-61
Central America,Saint Pierre and Miquelon,PM,Saint-Pierre,46.76666667,-56.183333
Central America,Saint Vincent and the Grenadines,VC,Kingstown,13.13333333,-61.216667
Australia,Samoa,WS,Apia,-13.81666667,-171.766667
Europe,San Marino,SM,San Marino,43.93333333,12.416667
Africa,Sao Tome and Principe,ST,Sao Tome,0.333333333,6.733333
Asia,Saudi Arabia,SA,Riyadh,24.65,46.7
Africa,Senegal,SN,Dakar,14.73333333,-17.633333
Europe,Serbia,RS,Belgrade,44.83333333,20.5
Africa,Seychelles,SC,Victoria,-4.616666667,55.45
Africa,Sierra Leone,SL,Freetown,8.483333333,-13.233333
Asia,Singapore,SG,Singapore,1.283333333,103.85
North America,Sint Maarten,SX,Philipsburg,18.01666667,-63.033333
Europe,Slovakia,SK,Bratislava,48.15,17.116667
Europe,Slovenia,SI,Ljubljana,46.05,14.516667
Australia,Solomon Islands,SB,Honiara,-9.433333333,159.95
Africa,Somalia,SO,Mogadishu,2.066666667,45.333333
Africa,South Africa,ZA,Pretoria,-25.7,28.216667
Africa,South Sudan,SS,Juba,4.85,31.616667
Europe,Spain,ES,Madrid,40.4,-3.683333
Asia,Sri Lanka,LK,Colombo,6.916666667,79.833333
Africa,Sudan,SD,Khartoum,15.6,32.533333
South America,Suriname,SR,Paramaribo,5.833333333,-55.166667
Europe,Svalbard,SJ,Longyearbyen,78.21666667,15.633333
Africa,Swaziland,SZ,Mbabane,-26.31666667,31.133333
Europe,Sweden,SE,Stockholm,59.33333333,18.05
Europe,Switzerland,CH,Bern,46.91666667,7.466667
Asia,Syria,SY,Damascus,33.5,36.3
Asia,Taiwan,TW,Taipei,25.03333333,121.516667
Asia,Tajikistan,TJ,Dushanbe,38.55,68.766667
Africa,Tanzania,TZ,Dar es Salaam,-6.8,39.283333
Asia,Thailand,TH,Bangkok,13.75,100.516667
Asia,Timor-Leste,TL,Dili,-8.583333333,125.6
Africa,Togo,TG,Lome,6.116666667,1.216667
Australia,Tonga,TO,Nuku'alofa,-21.13333333,-175.2
North America,Trinidad and Tobago,TT,Port of Spain,10.65,-61.516667
Africa,Tunisia,TN,Tunis,36.8,10.183333
Europe,Turkey,TR,Ankara,39.93333333,32.866667
Asia,Turkmenistan,TM,Ashgabat,37.95,58.383333
North America,Turks and Caicos Islands,TC,Grand Turk,21.46666667,-71.133333
Australia,Tuvalu,TV,Funafuti,-8.516666667,179.216667
Africa,Uganda,UG,Kampala,0.316666667,32.55
Europe,Ukraine,UA,Kyiv,50.43333333,30.516667
Asia,United Arab Emirates,AE,Abu Dhabi,24.46666667,54.366667
Europe,United Kingdom,GB,London,51.5,-0.083333
Central America,United States,US,Washington,38.883333,-77
South America,Uruguay,UY,Montevideo,-34.85,-56.166667
Asia,Uzbekistan,UZ,Tashkent,41.31666667,69.25
Australia,Vanuatu,VU,Port-Vila,-17.73333333,168.316667
South America,Venezuela,VE,Caracas,10.48333333,-66.866667
Asia,Vietnam,VN,Hanoi,21.03333333,105.85
North America,US Virgin Islands,VI,Charlotte Amalie,18.35,-64.933333
Australia,Wallis and Futuna,WF,Mata-Utu,-13.95,-171.933333
Asia,Yemen,YE,Sanaa,15.35,44.2
Africa,Zambia,ZM,Lusaka,-15.41666667,28.283333
Africa,Zimbabwe,ZW,Harare,-17.81666667,31.033333
Australia,US Minor Outlying Islands,UM,Washington,38.883333,-77
Antarctica,Antarctica,AQ,N/A,0,0
Europe,Northern Cyprus,NULL,North Nicosia,35.183333,33.366667
Asia,Hong Kong,HK,N/A,0,0
Antarctica,Heard Island and McDonald Islands,HM,N/A,0,0
Africa,British Indian Ocean Territory,IO,Diego Garcia,-7.3,72.4
Asia,Macau,MO,N/A,0,0
